sample id,barcode,linkerPrimerSequence,Plate,wellPosition,sequenceName,category,description
001W5,TCTCTTTCGACA,CCGGACTACHVGGGTWTCTAAT,Plate3,E05,806rcbc244,smoker,pillowcase
005W5,GTCATGCTCCAG,CCGGACTACHVGGGTWTCTAAT,Plate3,H05,806rcbc280,smoker,pillowcase
006W5,GTAGATCGTGTA,CCGGACTACHVGGGTWTCTAAT,Plate1,B05,806rcbc16,smoker,pillowcase
008W5,CGAGGGAAAGTC,CCGGACTACHVGGGTWTCTAAT,Plate1,C05,806rcbc28,smoker,pillowcase
014W5,CGTTTGGAATGA,CCGGACTACHVGGGTWTCTAAT,Plate3,C05,806rcbc220,smoker,pillowcase
015W5,ACGCTTAACGAC,CCGGACTACHVGGGTWTCTAAT,Plate3,D05,806rcbc232,smoker,pillowcase
016W5,GAACACTTTGGA,CCGGACTACHVGGGTWTCTAAT,Plate1,D05,806rcbc40,smoker,pillowcase
101W5,TCTCTACCACTC,CCGGACTACHVGGGTWTCTAAT,Plate1,F05,806rcbc64,non_smoker,pillowcase
102W5,ATTCTGCCGAAG,CCGGACTACHVGGGTWTCTAAT,Plate1,G05,806rcbc76,non_smoker,pillowcase
104W5,GATGTATGTGGT,CCGGACTACHVGGGTWTCTAAT,Plate2,A05,806rcbc100,non_smoker,pillowcase
105W5,GAGAGCAACAGA,CCGGACTACHVGGGTWTCTAAT,Plate2,B05,806rcbc112,non_smoker,pillowcase
107W5,GATGTGGTGTTA,CCGGACTACHVGGGTWTCTAAT,Plate2,D05,806rcbc136,non_smoker,pillowcase
109W5,CGTAATTGCCGC,CCGGACTACHVGGGTWTCTAAT,Plate1,F12,806rcbc71,non_smoker,pillowcase