sample id,barcode,linkerPrimerSequence,Plate,wellPosition,sequenceName,category,description
010W5,TGGTCAACGATA,CCGGACTACHVGGGTWTCTAAT,Plate1,A05,806rcbc4,smoker,pillowcase
006W5,GTAGATCGTGTA,CCGGACTACHVGGGTWTCTAAT,Plate1,B05,806rcbc16,smoker,pillowcase
008W5,CGAGGGAAAGTC,CCGGACTACHVGGGTWTCTAAT,Plate1,C05,806rcbc28,smoker,pillowcase
016W5,GAACACTTTGGA,CCGGACTACHVGGGTWTCTAAT,Plate1,D05,806rcbc40,smoker,pillowcase
019W5,ACTCACAGGAAT,CCGGACTACHVGGGTWTCTAAT,Plate1,E05,806rcbc52,smoker,pillowcase
101W5,TCTCTACCACTC,CCGGACTACHVGGGTWTCTAAT,Plate1,F05,806rcbc64,non_smoker,pillowcase
109W5,CGTAATTGCCGC,CCGGACTACHVGGGTWTCTAAT,Plate1,F12,806rcbc71,non_smoker,pillowcase
102W5,ATTCTGCCGAAG,CCGGACTACHVGGGTWTCTAAT,Plate1,G05,806rcbc76,non_smoker,pillowcase
103W5,CTCACAACCGTG,CCGGACTACHVGGGTWTCTAAT,Plate1,H05,806rcbc88,non_smoker,pillowcase
104W5,GATGTATGTGGT,CCGGACTACHVGGGTWTCTAAT,Plate2,A05,806rcbc100,non_smoker,pillowcase
105W5,GAGAGCAACAGA,CCGGACTACHVGGGTWTCTAAT,Plate2,B05,806rcbc112,non_smoker,pillowcase
106W5,CCTGCGAAGTAT,CCGGACTACHVGGGTWTCTAAT,Plate2,C05,806rcbc124,non_smoker,pillowcase
107W5,GATGTGGTGTTA,CCGGACTACHVGGGTWTCTAAT,Plate2,D05,806rcbc136,non_smoker,pillowcase
108W5,CGATGCTGTTGA,CCGGACTACHVGGGTWTCTAAT,Plate2,E05,806rcbc148,non_smoker,pillowcase
017W5,AGTGTTTCGGAC,CCGGACTACHVGGGTWTCTAAT,Plate2,F05,806rcbc160,smoker,pillowcase
011W5,CACTGGTGCATA,CCGGACTACHVGGGTWTCTAAT,Plate2,G05,806rcbc172,smoker,pillowcase
110W5,ACGATTCGAGTC,CCGGACTACHVGGGTWTCTAAT,Plate2,H05,806rcbc184,non_smoker,pillowcase
013W5,CGCGCCTTAAAC,CCGGACTACHVGGGTWTCTAAT,Plate3,A05,806rcbc196,smoker,pillowcase
012W5,CGTCCGTATGAA,CCGGACTACHVGGGTWTCTAAT,Plate3,B05,806rcbc208,smoker,pillowcase
014W5,CGTTTGGAATGA,CCGGACTACHVGGGTWTCTAAT,Plate3,C05,806rcbc220,smoker,pillowcase
015W5,ACGCTTAACGAC,CCGGACTACHVGGGTWTCTAAT,Plate3,D05,806rcbc232,smoker,pillowcase
001W5,TCTCTTTCGACA,CCGGACTACHVGGGTWTCTAAT,Plate3,E05,806rcbc244,smoker,pillowcase
018W5,CACGCAGTCTAC,CCGGACTACHVGGGTWTCTAAT,Plate3,E12,806rcbc251,smoker,pillowcase
003W5,GCGATCACACCT,CCGGACTACHVGGGTWTCTAAT,Plate3,F05,806rcbc256,smoker,pillowcase
007W5,TGCACAGTCGCT,CCGGACTACHVGGGTWTCTAAT,Plate3,G05,806rcbc268,smoker,pillowcase
005W5,GTCATGCTCCAG,CCGGACTACHVGGGTWTCTAAT,Plate3,H05,806rcbc280,smoker,pillowcase